{
    "welcomeFile": "/index.html",
    "authenticationMethod": "route",
    "routes": [
        {
            "source": "^/user-api/currentUser$",
            "service": "sap-approuter-userapi"
        },
        {
            "source": "^/resources/(.*)$",
            "target": "/resources/$1",
            "authenticationType": "none",
            "destination": "ui5"
        },
        {
            "source": "^/test-resources/(.*)$",
            "target": "/test-resources/$1",
            "authenticationType": "none",
            "destination": "ui5"
        },
        {
            "source": "^/logout-page.html$",
            "service": "app-front",
            "authenticationType": "none"
        },
        {
            "source": "^/index.html$",
            "service": "app-front",
            "cacheControl": "no-cache, no-store, must-revalidate"
        },
        {
            "source": "^(.*)$",
            "target": "$1",
            "service": "app-front",
            "authenticationType": "ias"
        }
    ]
}
